[{"nome":"depEpt1","estado":" AC","partido":{"nome":"PT","numero":13,"sigla":"PT"},"suplente_vice":{"nome":"vice","estado":" AC","partido":{"nome":"PT","numero":13,"sigla":"PT"},"numero_cand":0,"numero_votos":0},"numero_cand":13111,"numero_votos":0,"cargo":"Deputado Estadual"},{"nome":"depEpt2","estado":" AC","partido":{"nome":"PT","numero":13,"sigla":"PT"},"suplente_vice":{"nome":"vice","estado":" AC","partido":{"nome":"PT","numero":13,"sigla":"PT"},"numero_cand":0,"numero_votos":0},"numero_cand":13112,"numero_votos":0,"cargo":"Deputado Estadual"},{"nome":"depEpt3","estado":" AC","partido":{"nome":"PT","numero":13,"sigla":"PT"},"suplente_vice":{"nome":"vice","estado":" AC","partido":{"nome":"PT","numero":13,"sigla":"PT"},"numero_cand":0,"numero_votos":0},"numero_cand":13113,"numero_votos":0,"cargo":"Deputado Estadual"},{"nome":"depEpt4","estado":" AC","partido":{"nome":"PT","numero":13,"sigla":"PT"},"suplente_vice":{"nome":"vice","estado":" AC","partido":{"nome":"PT","numero":13,"sigla":"PT"},"numero_cand":0,"numero_votos":0},"numero_cand":13114,"numero_votos":0,"cargo":"Deputado Estadual"},{"nome":"depEpt5","estado":" AL","partido":{"nome":"PT","numero":13,"sigla":"PT"},"suplente_vice":{"nome":"vice","estado":" AL","partido":{"nome":"PT","numero":13,"sigla":"PT"},"numero_cand":0,"numero_votos":0},"numero_cand":13115,"numero_votos":0,"cargo":"Deputado Estadual"},{"nome":"depEpsdb1","estado":" AL","partido":{"nome":"PSDB","numero":45,"sigla":"PSDB"},"suplente_vice":{"nome":"vice","estado":" AL","partido":{"nome":"PSDB","numero":45,"sigla":"PSDB"},"numero_cand":0,"numero_votos":0},"numero_cand":45111,"numero_votos":0,"cargo":"Deputado Estadual"},{"nome":"depFpt1","estado":" AC","partido":{"nome":"PT","numero":13,"sigla":"PT"},"suplente_vice":{"nome":"vice","estado":" AC","partido":{"nome":"PT","numero":13,"sigla":"PT"},"numero_cand":0,"numero_votos":0},"numero_cand":1311,"numero_votos":0,"cargo":"Deputado Federal"},{"nome":"depFpt2","estado":" AC","partido":{"nome":"PT","numero":13,"sigla":"PT"},"suplente_vice":{"nome":"vice","estado":" AC","partido":{"nome":"PT","numero":13,"sigla":"PT"},"numero_cand":0,"numero_votos":0},"numero_cand":1312,"numero_votos":0,"cargo":"Deputado Federal"},{"nome":"depFpt3","estado":" AC","partido":{"nome":"PT","numero":13,"sigla":"PT"},"suplente_vice":{"nome":"vice","estado":" AC","partido":{"nome":"PT","numero":13,"sigla":"PT"},"numero_cand":0,"numero_votos":0},"numero_cand":1313,"numero_votos":0,"cargo":"Deputado Federal"},{"nome":"depFpt4","estado":" AC","partido":{"nome":"PT","numero":13,"sigla":"PT"},"suplente_vice":{"nome":"vice","estado":" AC","partido":{"nome":"PT","numero":13,"sigla":"PT"},"numero_cand":0,"numero_votos":0},"numero_cand":1314,"numero_votos":0,"cargo":"Deputado Federal"},{"nome":"depFpt5","estado":" AL","partido":{"nome":"PT","numero":13,"sigla":"PT"},"suplente_vice":{"nome":"vice","estado":" AL","partido":{"nome":"PT","numero":13,"sigla":"PT"},"numero_cand":0,"numero_votos":0},"numero_cand":1315,"numero_votos":0,"cargo":"Deputado Federal"},{"nome":"depFpsdb1","estado":" AL","partido":{"nome":"PSDB","numero":45,"sigla":"PSDB"},"suplente_vice":{"nome":"vice","estado":" AL","partido":{"nome":"PSDB","numero":45,"sigla":"PSDB"},"numero_cand":0,"numero_votos":0},"numero_cand":4511,"numero_votos":0,"cargo":"Deputado Federal"},{"nome":"senpt1","estado":" AC","partido":{"nome":"PT","numero":13,"sigla":"PT"},"suplente_vice":{"nome":"vice","estado":" AC","partido":{"nome":"PT","numero":13,"sigla":"PT"},"numero_cand":0,"numero_votos":0},"numero_cand":131,"numero_votos":0,"cargo":"Senador"},{"nome":"senpt2","estado":" AC","partido":{"nome":"PT","numero":13,"sigla":"PT"},"suplente_vice":{"nome":"vice","estado":" AC","partido":{"nome":"PT","numero":13,"sigla":"PT"},"numero_cand":0,"numero_votos":0},"numero_cand":132,"numero_votos":0,"cargo":"Senador"},{"nome":"senpt3","estado":" AC","partido":{"nome":"PT","numero":13,"sigla":"PT"},"suplente_vice":{"nome":"vice","estado":" AC","partido":{"nome":"PT","numero":13,"sigla":"PT"},"numero_cand":0,"numero_votos":0},"numero_cand":133,"numero_votos":0,"cargo":"Senador"},{"nome":"senpt4","estado":" AC","partido":{"nome":"PT","numero":13,"sigla":"PT"},"suplente_vice":{"nome":"vice","estado":" AC","partido":{"nome":"PT","numero":13,"sigla":"PT"},"numero_cand":0,"numero_votos":0},"numero_cand":134,"numero_votos":0,"cargo":"Senador"},{"nome":"senpt5","estado":" AL","partido":{"nome":"PT","numero":13,"sigla":"PT"},"suplente_vice":{"nome":"vice","estado":" AL","partido":{"nome":"PT","numero":13,"sigla":"PT"},"numero_cand":0,"numero_votos":0},"numero_cand":135,"numero_votos":0,"cargo":"Senador"},{"nome":"senpsdb1","estado":" AL","partido":{"nome":"PSDB","numero":45,"sigla":"PSDB"},"suplente_vice":{"nome":"vice","estado":" AL","partido":{"nome":"PSDB","numero":45,"sigla":"PSDB"},"numero_cand":0,"numero_votos":0},"numero_cand":451,"numero_votos":0,"cargo":"Senador"},{"nome":"pres1","estado":" AC","partido":{"nome":"PT","numero":13,"sigla":"PT"},"suplente_vice":{"nome":"vice","estado":" AC","partido":{"nome":"PT","numero":13,"sigla":"PT"},"numero_cand":0,"numero_votos":0},"numero_cand":13,"numero_votos":0,"cargo":"Presidente"},{"nome":"pres2","estado":" AL","partido":{"nome":"PSDB","numero":45,"sigla":"PSDB"},"suplente_vice":{"nome":"vice","estado":" AL","partido":{"nome":"PSDB","numero":45,"sigla":"PSDB"},"numero_cand":0,"numero_votos":0},"numero_cand":45,"numero_votos":0,"cargo":"Presidente"}]